
<RENDERBATCH>

  <RENDERIMG RASNAME="/home/lefteris/Documents/xilinx/EDK/edk_projects_11_5/spartan3e/DigilentADC_udp_intrp/SDK/SDK_Export/hw/imgs/microblaze_0.jpg" SVGNAME="/home/lefteris/Documents/xilinx/EDK/edk_projects_11_5/spartan3e/DigilentADC_udp_intrp/SDK/SDK_Export/hw/imgs/microblaze_0.svg" TMPSVGFN="/home/lefteris/Documents/xilinx/EDK/edk_projects_11_5/spartan3e/DigilentADC_udp_intrp/__xps/.dswkshop/microblaze_0.svg"/>

  <RENDERIMG RASNAME="/home/lefteris/Documents/xilinx/EDK/edk_projects_11_5/spartan3e/DigilentADC_udp_intrp/SDK/SDK_Export/hw/imgs/mb_plb.jpg" SVGNAME="/home/lefteris/Documents/xilinx/EDK/edk_projects_11_5/spartan3e/DigilentADC_udp_intrp/SDK/SDK_Export/hw/imgs/mb_plb.svg" TMPSVGFN="/home/lefteris/Documents/xilinx/EDK/edk_projects_11_5/spartan3e/DigilentADC_udp_intrp/__xps/.dswkshop/mb_plb.svg"/>

  <RENDERIMG RASNAME="/home/lefteris/Documents/xilinx/EDK/edk_projects_11_5/spartan3e/DigilentADC_udp_intrp/SDK/SDK_Export/hw/imgs/ilmb.jpg" SVGNAME="/home/lefteris/Documents/xilinx/EDK/edk_projects_11_5/spartan3e/DigilentADC_udp_intrp/SDK/SDK_Export/hw/imgs/ilmb.svg" TMPSVGFN="/home/lefteris/Documents/xilinx/EDK/edk_projects_11_5/spartan3e/DigilentADC_udp_intrp/__xps/.dswkshop/ilmb.svg"/>

  <RENDERIMG RASNAME="/home/lefteris/Documents/xilinx/EDK/edk_projects_11_5/spartan3e/DigilentADC_udp_intrp/SDK/SDK_Export/hw/imgs/dlmb.jpg" SVGNAME="/home/lefteris/Documents/xilinx/EDK/edk_projects_11_5/spartan3e/DigilentADC_udp_intrp/SDK/SDK_Export/hw/imgs/dlmb.svg" TMPSVGFN="/home/lefteris/Documents/xilinx/EDK/edk_projects_11_5/spartan3e/DigilentADC_udp_intrp/__xps/.dswkshop/dlmb.svg"/>

  <RENDERIMG RASNAME="/home/lefteris/Documents/xilinx/EDK/edk_projects_11_5/spartan3e/DigilentADC_udp_intrp/SDK/SDK_Export/hw/imgs/dlmb_cntlr.jpg" SVGNAME="/home/lefteris/Documents/xilinx/EDK/edk_projects_11_5/spartan3e/DigilentADC_udp_intrp/SDK/SDK_Export/hw/imgs/dlmb_cntlr.svg" TMPSVGFN="/home/lefteris/Documents/xilinx/EDK/edk_projects_11_5/spartan3e/DigilentADC_udp_intrp/__xps/.dswkshop/dlmb_cntlr.svg"/>

  <RENDERIMG RASNAME="/home/lefteris/Documents/xilinx/EDK/edk_projects_11_5/spartan3e/DigilentADC_udp_intrp/SDK/SDK_Export/hw/imgs/ilmb_cntlr.jpg" SVGNAME="/home/lefteris/Documents/xilinx/EDK/edk_projects_11_5/spartan3e/DigilentADC_udp_intrp/SDK/SDK_Export/hw/imgs/ilmb_cntlr.svg" TMPSVGFN="/home/lefteris/Documents/xilinx/EDK/edk_projects_11_5/spartan3e/DigilentADC_udp_intrp/__xps/.dswkshop/ilmb_cntlr.svg"/>

  <RENDERIMG RASNAME="/home/lefteris/Documents/xilinx/EDK/edk_projects_11_5/spartan3e/DigilentADC_udp_intrp/SDK/SDK_Export/hw/imgs/lmb_bram.jpg" SVGNAME="/home/lefteris/Documents/xilinx/EDK/edk_projects_11_5/spartan3e/DigilentADC_udp_intrp/SDK/SDK_Export/hw/imgs/lmb_bram.svg" TMPSVGFN="/home/lefteris/Documents/xilinx/EDK/edk_projects_11_5/spartan3e/DigilentADC_udp_intrp/__xps/.dswkshop/lmb_bram.svg"/>

  <RENDERIMG RASNAME="/home/lefteris/Documents/xilinx/EDK/edk_projects_11_5/spartan3e/DigilentADC_udp_intrp/SDK/SDK_Export/hw/imgs/RS232_DCE.jpg" SVGNAME="/home/lefteris/Documents/xilinx/EDK/edk_projects_11_5/spartan3e/DigilentADC_udp_intrp/SDK/SDK_Export/hw/imgs/RS232_DCE.svg" TMPSVGFN="/home/lefteris/Documents/xilinx/EDK/edk_projects_11_5/spartan3e/DigilentADC_udp_intrp/__xps/.dswkshop/RS232_DCE.svg"/>

  <RENDERIMG RASNAME="/home/lefteris/Documents/xilinx/EDK/edk_projects_11_5/spartan3e/DigilentADC_udp_intrp/SDK/SDK_Export/hw/imgs/DDR_SDRAM.jpg" SVGNAME="/home/lefteris/Documents/xilinx/EDK/edk_projects_11_5/spartan3e/DigilentADC_udp_intrp/SDK/SDK_Export/hw/imgs/DDR_SDRAM.svg" TMPSVGFN="/home/lefteris/Documents/xilinx/EDK/edk_projects_11_5/spartan3e/DigilentADC_udp_intrp/__xps/.dswkshop/DDR_SDRAM.svg"/>

  <RENDERIMG RASNAME="/home/lefteris/Documents/xilinx/EDK/edk_projects_11_5/spartan3e/DigilentADC_udp_intrp/SDK/SDK_Export/hw/imgs/Ethernet_MAC.jpg" SVGNAME="/home/lefteris/Documents/xilinx/EDK/edk_projects_11_5/spartan3e/DigilentADC_udp_intrp/SDK/SDK_Export/hw/imgs/Ethernet_MAC.svg" TMPSVGFN="/home/lefteris/Documents/xilinx/EDK/edk_projects_11_5/spartan3e/DigilentADC_udp_intrp/__xps/.dswkshop/Ethernet_MAC.svg"/>

  <RENDERIMG RASNAME="/home/lefteris/Documents/xilinx/EDK/edk_projects_11_5/spartan3e/DigilentADC_udp_intrp/SDK/SDK_Export/hw/imgs/clock_generator_0.jpg" SVGNAME="/home/lefteris/Documents/xilinx/EDK/edk_projects_11_5/spartan3e/DigilentADC_udp_intrp/SDK/SDK_Export/hw/imgs/clock_generator_0.svg" TMPSVGFN="/home/lefteris/Documents/xilinx/EDK/edk_projects_11_5/spartan3e/DigilentADC_udp_intrp/__xps/.dswkshop/clock_generator_0.svg"/>

  <RENDERIMG RASNAME="/home/lefteris/Documents/xilinx/EDK/edk_projects_11_5/spartan3e/DigilentADC_udp_intrp/SDK/SDK_Export/hw/imgs/mdm_0.jpg" SVGNAME="/home/lefteris/Documents/xilinx/EDK/edk_projects_11_5/spartan3e/DigilentADC_udp_intrp/SDK/SDK_Export/hw/imgs/mdm_0.svg" TMPSVGFN="/home/lefteris/Documents/xilinx/EDK/edk_projects_11_5/spartan3e/DigilentADC_udp_intrp/__xps/.dswkshop/mdm_0.svg"/>

  <RENDERIMG RASNAME="/home/lefteris/Documents/xilinx/EDK/edk_projects_11_5/spartan3e/DigilentADC_udp_intrp/SDK/SDK_Export/hw/imgs/proc_sys_reset_0.jpg" SVGNAME="/home/lefteris/Documents/xilinx/EDK/edk_projects_11_5/spartan3e/DigilentADC_udp_intrp/SDK/SDK_Export/hw/imgs/proc_sys_reset_0.svg" TMPSVGFN="/home/lefteris/Documents/xilinx/EDK/edk_projects_11_5/spartan3e/DigilentADC_udp_intrp/__xps/.dswkshop/proc_sys_reset_0.svg"/>

  <RENDERIMG RASNAME="/home/lefteris/Documents/xilinx/EDK/edk_projects_11_5/spartan3e/DigilentADC_udp_intrp/SDK/SDK_Export/hw/imgs/xps_intc_0.jpg" SVGNAME="/home/lefteris/Documents/xilinx/EDK/edk_projects_11_5/spartan3e/DigilentADC_udp_intrp/SDK/SDK_Export/hw/imgs/xps_intc_0.svg" TMPSVGFN="/home/lefteris/Documents/xilinx/EDK/edk_projects_11_5/spartan3e/DigilentADC_udp_intrp/__xps/.dswkshop/xps_intc_0.svg"/>

  <RENDERIMG RASNAME="/home/lefteris/Documents/xilinx/EDK/edk_projects_11_5/spartan3e/DigilentADC_udp_intrp/SDK/SDK_Export/hw/imgs/xps_timer_0.jpg" SVGNAME="/home/lefteris/Documents/xilinx/EDK/edk_projects_11_5/spartan3e/DigilentADC_udp_intrp/SDK/SDK_Export/hw/imgs/xps_timer_0.svg" TMPSVGFN="/home/lefteris/Documents/xilinx/EDK/edk_projects_11_5/spartan3e/DigilentADC_udp_intrp/__xps/.dswkshop/xps_timer_0.svg"/>

  <RENDERIMG RASNAME="/home/lefteris/Documents/xilinx/EDK/edk_projects_11_5/spartan3e/DigilentADC_udp_intrp/SDK/SDK_Export/hw/imgs/my_npi_0.jpg" SVGNAME="/home/lefteris/Documents/xilinx/EDK/edk_projects_11_5/spartan3e/DigilentADC_udp_intrp/SDK/SDK_Export/hw/imgs/my_npi_0.svg" TMPSVGFN="/home/lefteris/Documents/xilinx/EDK/edk_projects_11_5/spartan3e/DigilentADC_udp_intrp/__xps/.dswkshop/my_npi_0.svg"/>

  <RENDERIMG RASNAME="/home/lefteris/Documents/xilinx/EDK/edk_projects_11_5/spartan3e/DigilentADC_udp_intrp/SDK/SDK_Export/hw/imgs/system_blkd.jpg" SVGNAME="/home/lefteris/Documents/xilinx/EDK/edk_projects_11_5/spartan3e/DigilentADC_udp_intrp/SDK/SDK_Export/hw/imgs/system_blkd.svg" TMPSVGFN="/home/lefteris/Documents/xilinx/EDK/edk_projects_11_5/spartan3e/DigilentADC_udp_intrp/__xps/.dswkshop/system_blkd.svg"/>

</RENDERBATCH>